,hsv_cluster,image_id,Percentage
0,0,546,81.49253731343283
1,1,108,16.119402985074625
2,2,16,2.388059701492537
